,model_path,train_data_path,valid_data_path,vocab_path,model_type,max_length,hidden_size,kernel_size,num_layers,epoch,batch_size,pooling_style,optimizer,learning_rate,pretrain_model_path,seed,accurancy,class_num,vocab_size
0,output,文本分类练习Train.csv,文本分类练习Test.csv,chars.txt,fast_text,30,128,3,2,15,64,avg,adam,0.001,E:\学习资料_summary\八斗课程-精品班\第六周\bert-base-chinese,987,0.8888888888888888,,
1,output,文本分类练习Train.csv,文本分类练习Test.csv,chars.txt,fast_text,30,128,3,2,15,64,max,adam,0.001,E:\学习资料_summary\八斗课程-精品班\第六周\bert-base-chinese,987,0.8787878787878788,2.0,4622.0
2,output,文本分类练习Train.csv,文本分类练习Test.csv,chars.txt,fast_text,30,128,3,2,15,128,avg,adam,0.001,E:\学习资料_summary\八斗课程-精品班\第六周\bert-base-chinese,987,0.8888888888888888,2.0,4622.0
3,output,文本分类练习Train.csv,文本分类练习Test.csv,chars.txt,fast_text,30,128,3,2,15,128,max,adam,0.001,E:\学习资料_summary\八斗课程-精品班\第六周\bert-base-chinese,987,0.8585858585858586,2.0,4622.0
4,output,文本分类练习Train.csv,文本分类练习Test.csv,chars.txt,fast_text,30,256,3,2,15,64,avg,adam,0.001,E:\学习资料_summary\八斗课程-精品班\第六周\bert-base-chinese,987,0.8888888888888888,2.0,4622.0
5,output,文本分类练习Train.csv,文本分类练习Test.csv,chars.txt,fast_text,30,256,3,2,15,64,max,adam,0.001,E:\学习资料_summary\八斗课程-精品班\第六周\bert-base-chinese,987,0.8787878787878788,2.0,4622.0
6,output,文本分类练习Train.csv,文本分类练习Test.csv,chars.txt,fast_text,30,256,3,2,15,128,avg,adam,0.001,E:\学习资料_summary\八斗课程-精品班\第六周\bert-base-chinese,987,0.8888888888888888,2.0,4622.0
7,output,文本分类练习Train.csv,文本分类练习Test.csv,chars.txt,fast_text,30,256,3,2,15,128,max,adam,0.001,E:\学习资料_summary\八斗课程-精品班\第六周\bert-base-chinese,987,0.9191919191919192,2.0,4622.0
8,output,文本分类练习Train.csv,文本分类练习Test.csv,chars.txt,fast_text,30,128,3,2,15,64,avg,adam,0.0001,E:\学习资料_summary\八斗课程-精品班\第六周\bert-base-chinese,987,0.8181818181818182,2.0,4622.0
9,output,文本分类练习Train.csv,文本分类练习Test.csv,chars.txt,fast_text,30,128,3,2,15,64,max,adam,0.0001,E:\学习资料_summary\八斗课程-精品班\第六周\bert-base-chinese,987,0.7777777777777778,2.0,4622.0
10,output,文本分类练习Train.csv,文本分类练习Test.csv,chars.txt,fast_text,30,128,3,2,15,128,avg,adam,0.0001,E:\学习资料_summary\八斗课程-精品班\第六周\bert-base-chinese,987,0.797979797979798,2.0,4622.0
11,output,文本分类练习Train.csv,文本分类练习Test.csv,chars.txt,fast_text,30,128,3,2,15,128,max,adam,0.0001,E:\学习资料_summary\八斗课程-精品班\第六周\bert-base-chinese,987,0.7171717171717171,2.0,4622.0
12,output,文本分类练习Train.csv,文本分类练习Test.csv,chars.txt,fast_text,30,256,3,2,15,64,avg,adam,0.0001,E:\学习资料_summary\八斗课程-精品班\第六周\bert-base-chinese,987,0.8484848484848485,2.0,4622.0
13,output,文本分类练习Train.csv,文本分类练习Test.csv,chars.txt,fast_text,30,256,3,2,15,64,max,adam,0.0001,E:\学习资料_summary\八斗课程-精品班\第六周\bert-base-chinese,987,0.8181818181818182,2.0,4622.0
14,output,文本分类练习Train.csv,文本分类练习Test.csv,chars.txt,fast_text,30,256,3,2,15,128,avg,adam,0.0001,E:\学习资料_summary\八斗课程-精品班\第六周\bert-base-chinese,987,0.8181818181818182,2.0,4622.0
15,output,文本分类练习Train.csv,文本分类练习Test.csv,chars.txt,fast_text,30,256,3,2,15,128,max,adam,0.0001,E:\学习资料_summary\八斗课程-精品班\第六周\bert-base-chinese,987,0.7575757575757576,2.0,4622.0
16,output,文本分类练习Train.csv,文本分类练习Test.csv,chars.txt,lstm,30,128,3,2,15,64,avg,adam,0.001,E:\学习资料_summary\八斗课程-精品班\第六周\bert-base-chinese,987,0.898989898989899,2.0,4622.0
17,output,文本分类练习Train.csv,文本分类练习Test.csv,chars.txt,lstm,30,128,3,2,15,64,max,adam,0.001,E:\学习资料_summary\八斗课程-精品班\第六周\bert-base-chinese,987,0.8585858585858586,2.0,4622.0
18,output,文本分类练习Train.csv,文本分类练习Test.csv,chars.txt,lstm,30,128,3,2,15,128,avg,adam,0.001,E:\学习资料_summary\八斗课程-精品班\第六周\bert-base-chinese,987,0.8787878787878788,2.0,4622.0
19,output,文本分类练习Train.csv,文本分类练习Test.csv,chars.txt,lstm,30,128,3,2,15,128,max,adam,0.001,E:\学习资料_summary\八斗课程-精品班\第六周\bert-base-chinese,987,0.8686868686868687,2.0,4622.0
20,output,文本分类练习Train.csv,文本分类练习Test.csv,chars.txt,lstm,30,256,3,2,15,64,avg,adam,0.001,E:\学习资料_summary\八斗课程-精品班\第六周\bert-base-chinese,987,0.8585858585858586,2.0,4622.0
21,output,文本分类练习Train.csv,文本分类练习Test.csv,chars.txt,lstm,30,256,3,2,15,64,max,adam,0.001,E:\学习资料_summary\八斗课程-精品班\第六周\bert-base-chinese,987,0.8282828282828283,2.0,4622.0
22,output,文本分类练习Train.csv,文本分类练习Test.csv,chars.txt,lstm,30,256,3,2,15,128,avg,adam,0.001,E:\学习资料_summary\八斗课程-精品班\第六周\bert-base-chinese,987,0.8686868686868687,2.0,4622.0
23,output,文本分类练习Train.csv,文本分类练习Test.csv,chars.txt,lstm,30,256,3,2,15,128,max,adam,0.001,E:\学习资料_summary\八斗课程-精品班\第六周\bert-base-chinese,987,0.8383838383838383,2.0,4622.0
24,output,文本分类练习Train.csv,文本分类练习Test.csv,chars.txt,lstm,30,128,3,2,15,64,avg,adam,0.0001,E:\学习资料_summary\八斗课程-精品班\第六周\bert-base-chinese,987,0.898989898989899,2.0,4622.0
25,output,文本分类练习Train.csv,文本分类练习Test.csv,chars.txt,lstm,30,128,3,2,15,64,max,adam,0.0001,E:\学习资料_summary\八斗课程-精品班\第六周\bert-base-chinese,987,0.8686868686868687,2.0,4622.0
26,output,文本分类练习Train.csv,文本分类练习Test.csv,chars.txt,lstm,30,128,3,2,15,128,avg,adam,0.0001,E:\学习资料_summary\八斗课程-精品班\第六周\bert-base-chinese,987,0.8787878787878788,2.0,4622.0
27,output,文本分类练习Train.csv,文本分类练习Test.csv,chars.txt,lstm,30,128,3,2,15,128,max,adam,0.0001,E:\学习资料_summary\八斗课程-精品班\第六周\bert-base-chinese,987,0.8484848484848485,2.0,4622.0
28,output,文本分类练习Train.csv,文本分类练习Test.csv,chars.txt,lstm,30,256,3,2,15,64,avg,adam,0.0001,E:\学习资料_summary\八斗课程-精品班\第六周\bert-base-chinese,987,0.9191919191919192,2.0,4622.0
29,output,文本分类练习Train.csv,文本分类练习Test.csv,chars.txt,lstm,30,256,3,2,15,64,max,adam,0.0001,E:\学习资料_summary\八斗课程-精品班\第六周\bert-base-chinese,987,0.8484848484848485,2.0,4622.0
30,output,文本分类练习Train.csv,文本分类练习Test.csv,chars.txt,lstm,30,256,3,2,15,128,avg,adam,0.0001,E:\学习资料_summary\八斗课程-精品班\第六周\bert-base-chinese,987,0.9191919191919192,2.0,4622.0
31,output,文本分类练习Train.csv,文本分类练习Test.csv,chars.txt,lstm,30,256,3,2,15,128,max,adam,0.0001,E:\学习资料_summary\八斗课程-精品班\第六周\bert-base-chinese,987,0.8686868686868687,2.0,4622.0
32,output,文本分类练习Train.csv,文本分类练习Test.csv,chars.txt,gru,30,128,3,2,15,64,avg,adam,0.001,E:\学习资料_summary\八斗课程-精品班\第六周\bert-base-chinese,987,0.898989898989899,2.0,4622.0
33,output,文本分类练习Train.csv,文本分类练习Test.csv,chars.txt,gru,30,128,3,2,15,64,max,adam,0.001,E:\学习资料_summary\八斗课程-精品班\第六周\bert-base-chinese,987,0.8181818181818182,2.0,4622.0
34,output,文本分类练习Train.csv,文本分类练习Test.csv,chars.txt,gru,30,128,3,2,15,128,avg,adam,0.001,E:\学习资料_summary\八斗课程-精品班\第六周\bert-base-chinese,987,0.898989898989899,2.0,4622.0
35,output,文本分类练习Train.csv,文本分类练习Test.csv,chars.txt,gru,30,128,3,2,15,128,max,adam,0.001,E:\学习资料_summary\八斗课程-精品班\第六周\bert-base-chinese,987,0.8383838383838383,2.0,4622.0
36,output,文本分类练习Train.csv,文本分类练习Test.csv,chars.txt,gru,30,256,3,2,15,64,avg,adam,0.001,E:\学习资料_summary\八斗课程-精品班\第六周\bert-base-chinese,987,0.8787878787878788,2.0,4622.0
37,output,文本分类练习Train.csv,文本分类练习Test.csv,chars.txt,gru,30,256,3,2,15,64,max,adam,0.001,E:\学习资料_summary\八斗课程-精品班\第六周\bert-base-chinese,987,0.8585858585858586,2.0,4622.0
38,output,文本分类练习Train.csv,文本分类练习Test.csv,chars.txt,gru,30,256,3,2,15,128,avg,adam,0.001,E:\学习资料_summary\八斗课程-精品班\第六周\bert-base-chinese,987,0.9292929292929293,2.0,4622.0
39,output,文本分类练习Train.csv,文本分类练习Test.csv,chars.txt,gru,30,256,3,2,15,128,max,adam,0.001,E:\学习资料_summary\八斗课程-精品班\第六周\bert-base-chinese,987,0.8585858585858586,2.0,4622.0
40,output,文本分类练习Train.csv,文本分类练习Test.csv,chars.txt,gru,30,128,3,2,15,64,avg,adam,0.0001,E:\学习资料_summary\八斗课程-精品班\第六周\bert-base-chinese,987,0.898989898989899,2.0,4622.0
41,output,文本分类练习Train.csv,文本分类练习Test.csv,chars.txt,gru,30,128,3,2,15,64,max,adam,0.0001,E:\学习资料_summary\八斗课程-精品班\第六周\bert-base-chinese,987,0.898989898989899,2.0,4622.0
42,output,文本分类练习Train.csv,文本分类练习Test.csv,chars.txt,gru,30,128,3,2,15,128,avg,adam,0.0001,E:\学习资料_summary\八斗课程-精品班\第六周\bert-base-chinese,987,0.898989898989899,2.0,4622.0
43,output,文本分类练习Train.csv,文本分类练习Test.csv,chars.txt,gru,30,128,3,2,15,128,max,adam,0.0001,E:\学习资料_summary\八斗课程-精品班\第六周\bert-base-chinese,987,0.8585858585858586,2.0,4622.0
44,output,文本分类练习Train.csv,文本分类练习Test.csv,chars.txt,gru,30,256,3,2,15,64,avg,adam,0.0001,E:\学习资料_summary\八斗课程-精品班\第六周\bert-base-chinese,987,0.898989898989899,2.0,4622.0
45,output,文本分类练习Train.csv,文本分类练习Test.csv,chars.txt,gru,30,256,3,2,15,64,max,adam,0.0001,E:\学习资料_summary\八斗课程-精品班\第六周\bert-base-chinese,987,0.8888888888888888,2.0,4622.0
46,output,文本分类练习Train.csv,文本分类练习Test.csv,chars.txt,gru,30,256,3,2,15,128,avg,adam,0.0001,E:\学习资料_summary\八斗课程-精品班\第六周\bert-base-chinese,987,0.8888888888888888,2.0,4622.0
47,output,文本分类练习Train.csv,文本分类练习Test.csv,chars.txt,gru,30,256,3,2,15,128,max,adam,0.0001,E:\学习资料_summary\八斗课程-精品班\第六周\bert-base-chinese,987,0.8585858585858586,2.0,4622.0
48,output,文本分类练习Train.csv,文本分类练习Test.csv,chars.txt,rnn,30,128,3,2,15,64,avg,adam,0.001,E:\学习资料_summary\八斗课程-精品班\第六周\bert-base-chinese,987,0.8888888888888888,2.0,4622.0
49,output,文本分类练习Train.csv,文本分类练习Test.csv,chars.txt,rnn,30,128,3,2,15,64,max,adam,0.001,E:\学习资料_summary\八斗课程-精品班\第六周\bert-base-chinese,987,0.8888888888888888,2.0,4622.0
50,output,文本分类练习Train.csv,文本分类练习Test.csv,chars.txt,rnn,30,128,3,2,15,128,avg,adam,0.001,E:\学习资料_summary\八斗课程-精品班\第六周\bert-base-chinese,987,0.9090909090909091,2.0,4622.0
51,output,文本分类练习Train.csv,文本分类练习Test.csv,chars.txt,rnn,30,128,3,2,15,128,max,adam,0.001,E:\学习资料_summary\八斗课程-精品班\第六周\bert-base-chinese,987,0.8282828282828283,2.0,4622.0
52,output,文本分类练习Train.csv,文本分类练习Test.csv,chars.txt,rnn,30,256,3,2,15,64,avg,adam,0.001,E:\学习资料_summary\八斗课程-精品班\第六周\bert-base-chinese,987,0.8686868686868687,2.0,4622.0
53,output,文本分类练习Train.csv,文本分类练习Test.csv,chars.txt,rnn,30,256,3,2,15,64,max,adam,0.001,E:\学习资料_summary\八斗课程-精品班\第六周\bert-base-chinese,987,0.8383838383838383,2.0,4622.0
54,output,文本分类练习Train.csv,文本分类练习Test.csv,chars.txt,rnn,30,256,3,2,15,128,avg,adam,0.001,E:\学习资料_summary\八斗课程-精品班\第六周\bert-base-chinese,987,0.898989898989899,2.0,4622.0
55,output,文本分类练习Train.csv,文本分类练习Test.csv,chars.txt,rnn,30,256,3,2,15,128,max,adam,0.001,E:\学习资料_summary\八斗课程-精品班\第六周\bert-base-chinese,987,0.8888888888888888,2.0,4622.0
56,output,文本分类练习Train.csv,文本分类练习Test.csv,chars.txt,rnn,30,128,3,2,15,64,avg,adam,0.0001,E:\学习资料_summary\八斗课程-精品班\第六周\bert-base-chinese,987,0.8484848484848485,2.0,4622.0
57,output,文本分类练习Train.csv,文本分类练习Test.csv,chars.txt,rnn,30,128,3,2,15,64,max,adam,0.0001,E:\学习资料_summary\八斗课程-精品班\第六周\bert-base-chinese,987,0.9090909090909091,2.0,4622.0
58,output,文本分类练习Train.csv,文本分类练习Test.csv,chars.txt,rnn,30,128,3,2,15,128,avg,adam,0.0001,E:\学习资料_summary\八斗课程-精品班\第六周\bert-base-chinese,987,0.8585858585858586,2.0,4622.0
59,output,文本分类练习Train.csv,文本分类练习Test.csv,chars.txt,rnn,30,128,3,2,15,128,max,adam,0.0001,E:\学习资料_summary\八斗课程-精品班\第六周\bert-base-chinese,987,0.8686868686868687,2.0,4622.0
60,output,文本分类练习Train.csv,文本分类练习Test.csv,chars.txt,rnn,30,256,3,2,15,64,avg,adam,0.0001,E:\学习资料_summary\八斗课程-精品班\第六周\bert-base-chinese,987,0.9090909090909091,2.0,4622.0
61,output,文本分类练习Train.csv,文本分类练习Test.csv,chars.txt,rnn,30,256,3,2,15,64,max,adam,0.0001,E:\学习资料_summary\八斗课程-精品班\第六周\bert-base-chinese,987,0.8686868686868687,2.0,4622.0
62,output,文本分类练习Train.csv,文本分类练习Test.csv,chars.txt,rnn,30,256,3,2,15,128,avg,adam,0.0001,E:\学习资料_summary\八斗课程-精品班\第六周\bert-base-chinese,987,0.8787878787878788,2.0,4622.0
63,output,文本分类练习Train.csv,文本分类练习Test.csv,chars.txt,rnn,30,256,3,2,15,128,max,adam,0.0001,E:\学习资料_summary\八斗课程-精品班\第六周\bert-base-chinese,987,0.9292929292929293,2.0,4622.0
64,output,文本分类练习Train.csv,文本分类练习Test.csv,chars.txt,gated_cnn,30,128,3,2,15,64,avg,adam,0.001,E:\学习资料_summary\八斗课程-精品班\第六周\bert-base-chinese,987,0.8686868686868687,2.0,4622.0
65,output,文本分类练习Train.csv,文本分类练习Test.csv,chars.txt,gated_cnn,30,128,3,2,15,64,max,adam,0.001,E:\学习资料_summary\八斗课程-精品班\第六周\bert-base-chinese,987,0.8484848484848485,2.0,4622.0
66,output,文本分类练习Train.csv,文本分类练习Test.csv,chars.txt,gated_cnn,30,128,3,2,15,128,avg,adam,0.001,E:\学习资料_summary\八斗课程-精品班\第六周\bert-base-chinese,987,0.8888888888888888,2.0,4622.0
67,output,文本分类练习Train.csv,文本分类练习Test.csv,chars.txt,gated_cnn,30,128,3,2,15,128,max,adam,0.001,E:\学习资料_summary\八斗课程-精品班\第六周\bert-base-chinese,987,0.8686868686868687,2.0,4622.0
68,output,文本分类练习Train.csv,文本分类练习Test.csv,chars.txt,gated_cnn,30,256,3,2,15,64,avg,adam,0.001,E:\学习资料_summary\八斗课程-精品班\第六周\bert-base-chinese,987,0.9090909090909091,2.0,4622.0
69,output,文本分类练习Train.csv,文本分类练习Test.csv,chars.txt,gated_cnn,30,256,3,2,15,64,max,adam,0.001,E:\学习资料_summary\八斗课程-精品班\第六周\bert-base-chinese,987,0.8787878787878788,2.0,4622.0
70,output,文本分类练习Train.csv,文本分类练习Test.csv,chars.txt,gated_cnn,30,256,3,2,15,128,avg,adam,0.001,E:\学习资料_summary\八斗课程-精品班\第六周\bert-base-chinese,987,0.898989898989899,2.0,4622.0
71,output,文本分类练习Train.csv,文本分类练习Test.csv,chars.txt,gated_cnn,30,256,3,2,15,128,max,adam,0.001,E:\学习资料_summary\八斗课程-精品班\第六周\bert-base-chinese,987,0.8686868686868687,2.0,4622.0
72,output,文本分类练习Train.csv,文本分类练习Test.csv,chars.txt,gated_cnn,30,128,3,2,15,64,avg,adam,0.0001,E:\学习资料_summary\八斗课程-精品班\第六周\bert-base-chinese,987,0.8686868686868687,2.0,4622.0
73,output,文本分类练习Train.csv,文本分类练习Test.csv,chars.txt,gated_cnn,30,128,3,2,15,64,max,adam,0.0001,E:\学习资料_summary\八斗课程-精品班\第六周\bert-base-chinese,987,0.8585858585858586,2.0,4622.0
74,output,文本分类练习Train.csv,文本分类练习Test.csv,chars.txt,gated_cnn,30,128,3,2,15,128,avg,adam,0.0001,E:\学习资料_summary\八斗课程-精品班\第六周\bert-base-chinese,987,0.8484848484848485,2.0,4622.0
75,output,文本分类练习Train.csv,文本分类练习Test.csv,chars.txt,gated_cnn,30,128,3,2,15,128,max,adam,0.0001,E:\学习资料_summary\八斗课程-精品班\第六周\bert-base-chinese,987,0.8484848484848485,2.0,4622.0
76,output,文本分类练习Train.csv,文本分类练习Test.csv,chars.txt,gated_cnn,30,256,3,2,15,64,avg,adam,0.0001,E:\学习资料_summary\八斗课程-精品班\第六周\bert-base-chinese,987,0.898989898989899,2.0,4622.0
77,output,文本分类练习Train.csv,文本分类练习Test.csv,chars.txt,gated_cnn,30,256,3,2,15,64,max,adam,0.0001,E:\学习资料_summary\八斗课程-精品班\第六周\bert-base-chinese,987,0.8888888888888888,2.0,4622.0
78,output,文本分类练习Train.csv,文本分类练习Test.csv,chars.txt,gated_cnn,30,256,3,2,15,128,avg,adam,0.0001,E:\学习资料_summary\八斗课程-精品班\第六周\bert-base-chinese,987,0.8888888888888888,2.0,4622.0
79,output,文本分类练习Train.csv,文本分类练习Test.csv,chars.txt,gated_cnn,30,256,3,2,15,128,max,adam,0.0001,E:\学习资料_summary\八斗课程-精品班\第六周\bert-base-chinese,987,0.898989898989899,2.0,4622.0
80,output,文本分类练习Train.csv,文本分类练习Test.csv,chars.txt,cnn,30,128,3,2,15,64,avg,adam,0.001,E:\学习资料_summary\八斗课程-精品班\第六周\bert-base-chinese,987,0.8888888888888888,2.0,4622.0
81,output,文本分类练习Train.csv,文本分类练习Test.csv,chars.txt,cnn,30,128,3,2,15,64,max,adam,0.001,E:\学习资料_summary\八斗课程-精品班\第六周\bert-base-chinese,987,0.9090909090909091,2.0,4622.0
82,output,文本分类练习Train.csv,文本分类练习Test.csv,chars.txt,cnn,30,128,3,2,15,128,avg,adam,0.001,E:\学习资料_summary\八斗课程-精品班\第六周\bert-base-chinese,987,0.8585858585858586,2.0,4622.0
83,output,文本分类练习Train.csv,文本分类练习Test.csv,chars.txt,cnn,30,128,3,2,15,128,max,adam,0.001,E:\学习资料_summary\八斗课程-精品班\第六周\bert-base-chinese,987,0.8888888888888888,2.0,4622.0
84,output,文本分类练习Train.csv,文本分类练习Test.csv,chars.txt,cnn,30,256,3,2,15,64,avg,adam,0.001,E:\学习资料_summary\八斗课程-精品班\第六周\bert-base-chinese,987,0.8686868686868687,2.0,4622.0
85,output,文本分类练习Train.csv,文本分类练习Test.csv,chars.txt,cnn,30,256,3,2,15,64,max,adam,0.001,E:\学习资料_summary\八斗课程-精品班\第六周\bert-base-chinese,987,0.9191919191919192,2.0,4622.0
86,output,文本分类练习Train.csv,文本分类练习Test.csv,chars.txt,cnn,30,256,3,2,15,128,avg,adam,0.001,E:\学习资料_summary\八斗课程-精品班\第六周\bert-base-chinese,987,0.8787878787878788,2.0,4622.0
87,output,文本分类练习Train.csv,文本分类练习Test.csv,chars.txt,cnn,30,256,3,2,15,128,max,adam,0.001,E:\学习资料_summary\八斗课程-精品班\第六周\bert-base-chinese,987,0.8383838383838383,2.0,4622.0
88,output,文本分类练习Train.csv,文本分类练习Test.csv,chars.txt,cnn,30,128,3,2,15,64,avg,adam,0.0001,E:\学习资料_summary\八斗课程-精品班\第六周\bert-base-chinese,987,0.8787878787878788,2.0,4622.0
89,output,文本分类练习Train.csv,文本分类练习Test.csv,chars.txt,cnn,30,128,3,2,15,64,max,adam,0.0001,E:\学习资料_summary\八斗课程-精品班\第六周\bert-base-chinese,987,0.898989898989899,2.0,4622.0
90,output,文本分类练习Train.csv,文本分类练习Test.csv,chars.txt,cnn,30,128,3,2,15,128,avg,adam,0.0001,E:\学习资料_summary\八斗课程-精品班\第六周\bert-base-chinese,987,0.8484848484848485,2.0,4622.0
91,output,文本分类练习Train.csv,文本分类练习Test.csv,chars.txt,cnn,30,128,3,2,15,128,max,adam,0.0001,E:\学习资料_summary\八斗课程-精品班\第六周\bert-base-chinese,987,0.8686868686868687,2.0,4622.0
92,output,文本分类练习Train.csv,文本分类练习Test.csv,chars.txt,cnn,30,256,3,2,15,64,avg,adam,0.0001,E:\学习资料_summary\八斗课程-精品班\第六周\bert-base-chinese,987,0.898989898989899,2.0,4622.0
93,output,文本分类练习Train.csv,文本分类练习Test.csv,chars.txt,cnn,30,256,3,2,15,64,max,adam,0.0001,E:\学习资料_summary\八斗课程-精品班\第六周\bert-base-chinese,987,0.9090909090909091,2.0,4622.0
94,output,文本分类练习Train.csv,文本分类练习Test.csv,chars.txt,cnn,30,256,3,2,15,128,avg,adam,0.0001,E:\学习资料_summary\八斗课程-精品班\第六周\bert-base-chinese,987,0.8888888888888888,2.0,4622.0
95,output,文本分类练习Train.csv,文本分类练习Test.csv,chars.txt,cnn,30,256,3,2,15,128,max,adam,0.0001,E:\学习资料_summary\八斗课程-精品班\第六周\bert-base-chinese,987,0.8888888888888888,2.0,4622.0
96,output,文本分类练习Train.csv,文本分类练习Test.csv,chars.txt,stack_gated_cnn,30,128,3,2,15,64,avg,adam,0.001,E:\学习资料_summary\八斗课程-精品班\第六周\bert-base-chinese,987,0.9090909090909091,2.0,4622.0
97,output,文本分类练习Train.csv,文本分类练习Test.csv,chars.txt,stack_gated_cnn,30,128,3,2,15,64,max,adam,0.001,E:\学习资料_summary\八斗课程-精品班\第六周\bert-base-chinese,987,0.898989898989899,2.0,4622.0
98,output,文本分类练习Train.csv,文本分类练习Test.csv,chars.txt,stack_gated_cnn,30,128,3,2,15,128,avg,adam,0.001,E:\学习资料_summary\八斗课程-精品班\第六周\bert-base-chinese,987,0.8686868686868687,2.0,4622.0
99,output,文本分类练习Train.csv,文本分类练习Test.csv,chars.txt,stack_gated_cnn,30,128,3,2,15,128,max,adam,0.001,E:\学习资料_summary\八斗课程-精品班\第六周\bert-base-chinese,987,0.8787878787878788,2.0,4622.0
100,output,文本分类练习Train.csv,文本分类练习Test.csv,chars.txt,stack_gated_cnn,30,256,3,2,15,64,avg,adam,0.001,E:\学习资料_summary\八斗课程-精品班\第六周\bert-base-chinese,987,0.8787878787878788,2.0,4622.0
101,output,文本分类练习Train.csv,文本分类练习Test.csv,chars.txt,stack_gated_cnn,30,256,3,2,15,64,max,adam,0.001,E:\学习资料_summary\八斗课程-精品班\第六周\bert-base-chinese,987,0.898989898989899,2.0,4622.0
102,output,文本分类练习Train.csv,文本分类练习Test.csv,chars.txt,stack_gated_cnn,30,256,3,2,15,128,avg,adam,0.001,E:\学习资料_summary\八斗课程-精品班\第六周\bert-base-chinese,987,0.898989898989899,2.0,4622.0
103,output,文本分类练习Train.csv,文本分类练习Test.csv,chars.txt,stack_gated_cnn,30,256,3,2,15,128,max,adam,0.001,E:\学习资料_summary\八斗课程-精品班\第六周\bert-base-chinese,987,0.8888888888888888,2.0,4622.0
104,output,文本分类练习Train.csv,文本分类练习Test.csv,chars.txt,stack_gated_cnn,30,128,3,2,15,64,avg,adam,0.0001,E:\学习资料_summary\八斗课程-精品班\第六周\bert-base-chinese,987,0.8686868686868687,2.0,4622.0
105,output,文本分类练习Train.csv,文本分类练习Test.csv,chars.txt,stack_gated_cnn,30,128,3,2,15,64,max,adam,0.0001,E:\学习资料_summary\八斗课程-精品班\第六周\bert-base-chinese,987,0.898989898989899,2.0,4622.0
106,output,文本分类练习Train.csv,文本分类练习Test.csv,chars.txt,stack_gated_cnn,30,128,3,2,15,128,avg,adam,0.0001,E:\学习资料_summary\八斗课程-精品班\第六周\bert-base-chinese,987,0.8787878787878788,2.0,4622.0
107,output,文本分类练习Train.csv,文本分类练习Test.csv,chars.txt,stack_gated_cnn,30,128,3,2,15,128,max,adam,0.0001,E:\学习资料_summary\八斗课程-精品班\第六周\bert-base-chinese,987,0.8787878787878788,2.0,4622.0
108,output,文本分类练习Train.csv,文本分类练习Test.csv,chars.txt,stack_gated_cnn,30,256,3,2,15,64,avg,adam,0.0001,E:\学习资料_summary\八斗课程-精品班\第六周\bert-base-chinese,987,0.8888888888888888,2.0,4622.0
109,output,文本分类练习Train.csv,文本分类练习Test.csv,chars.txt,stack_gated_cnn,30,256,3,2,15,64,max,adam,0.0001,E:\学习资料_summary\八斗课程-精品班\第六周\bert-base-chinese,987,0.8888888888888888,2.0,4622.0
110,output,文本分类练习Train.csv,文本分类练习Test.csv,chars.txt,stack_gated_cnn,30,256,3,2,15,128,avg,adam,0.0001,E:\学习资料_summary\八斗课程-精品班\第六周\bert-base-chinese,987,0.8484848484848485,2.0,4622.0
111,output,文本分类练习Train.csv,文本分类练习Test.csv,chars.txt,stack_gated_cnn,30,256,3,2,15,128,max,adam,0.0001,E:\学习资料_summary\八斗课程-精品班\第六周\bert-base-chinese,987,0.9090909090909091,2.0,4622.0
112,output,文本分类练习Train.csv,文本分类练习Test.csv,chars.txt,rcnn,30,128,3,2,15,64,avg,adam,0.001,E:\学习资料_summary\八斗课程-精品班\第六周\bert-base-chinese,987,0.8787878787878788,2.0,4622.0
113,output,文本分类练习Train.csv,文本分类练习Test.csv,chars.txt,rcnn,30,128,3,2,15,64,max,adam,0.001,E:\学习资料_summary\八斗课程-精品班\第六周\bert-base-chinese,987,0.8585858585858586,2.0,4622.0
114,output,文本分类练习Train.csv,文本分类练习Test.csv,chars.txt,rcnn,30,128,3,2,15,128,avg,adam,0.001,E:\学习资料_summary\八斗课程-精品班\第六周\bert-base-chinese,987,0.898989898989899,2.0,4622.0
115,output,文本分类练习Train.csv,文本分类练习Test.csv,chars.txt,rcnn,30,128,3,2,15,128,max,adam,0.001,E:\学习资料_summary\八斗课程-精品班\第六周\bert-base-chinese,987,0.8686868686868687,2.0,4622.0
116,output,文本分类练习Train.csv,文本分类练习Test.csv,chars.txt,rcnn,30,256,3,2,15,64,avg,adam,0.001,E:\学习资料_summary\八斗课程-精品班\第六周\bert-base-chinese,987,0.8686868686868687,2.0,4622.0
117,output,文本分类练习Train.csv,文本分类练习Test.csv,chars.txt,rcnn,30,256,3,2,15,64,max,adam,0.001,E:\学习资料_summary\八斗课程-精品班\第六周\bert-base-chinese,987,0.8888888888888888,2.0,4622.0
118,output,文本分类练习Train.csv,文本分类练习Test.csv,chars.txt,rcnn,30,256,3,2,15,128,avg,adam,0.001,E:\学习资料_summary\八斗课程-精品班\第六周\bert-base-chinese,987,0.8686868686868687,2.0,4622.0
119,output,文本分类练习Train.csv,文本分类练习Test.csv,chars.txt,rcnn,30,256,3,2,15,128,max,adam,0.001,E:\学习资料_summary\八斗课程-精品班\第六周\bert-base-chinese,987,0.8282828282828283,2.0,4622.0
120,output,文本分类练习Train.csv,文本分类练习Test.csv,chars.txt,rcnn,30,128,3,2,15,64,avg,adam,0.0001,E:\学习资料_summary\八斗课程-精品班\第六周\bert-base-chinese,987,0.8787878787878788,2.0,4622.0
121,output,文本分类练习Train.csv,文本分类练习Test.csv,chars.txt,rcnn,30,128,3,2,15,64,max,adam,0.0001,E:\学习资料_summary\八斗课程-精品班\第六周\bert-base-chinese,987,0.8888888888888888,2.0,4622.0
122,output,文本分类练习Train.csv,文本分类练习Test.csv,chars.txt,rcnn,30,128,3,2,15,128,avg,adam,0.0001,E:\学习资料_summary\八斗课程-精品班\第六周\bert-base-chinese,987,0.8787878787878788,2.0,4622.0
123,output,文本分类练习Train.csv,文本分类练习Test.csv,chars.txt,rcnn,30,128,3,2,15,128,max,adam,0.0001,E:\学习资料_summary\八斗课程-精品班\第六周\bert-base-chinese,987,0.8787878787878788,2.0,4622.0
124,output,文本分类练习Train.csv,文本分类练习Test.csv,chars.txt,rcnn,30,256,3,2,15,64,avg,adam,0.0001,E:\学习资料_summary\八斗课程-精品班\第六周\bert-base-chinese,987,0.8787878787878788,2.0,4622.0
125,output,文本分类练习Train.csv,文本分类练习Test.csv,chars.txt,rcnn,30,256,3,2,15,64,max,adam,0.0001,E:\学习资料_summary\八斗课程-精品班\第六周\bert-base-chinese,987,0.8787878787878788,2.0,4622.0
126,output,文本分类练习Train.csv,文本分类练习Test.csv,chars.txt,rcnn,30,256,3,2,15,128,avg,adam,0.0001,E:\学习资料_summary\八斗课程-精品班\第六周\bert-base-chinese,987,0.8787878787878788,2.0,4622.0
127,output,文本分类练习Train.csv,文本分类练习Test.csv,chars.txt,rcnn,30,256,3,2,15,128,max,adam,0.0001,E:\学习资料_summary\八斗课程-精品班\第六周\bert-base-chinese,987,0.8686868686868687,2.0,4622.0
128,output,文本分类练习Train.csv,文本分类练习Test.csv,chars.txt,bert,30,128,3,2,15,64,avg,adam,0.001,E:\学习资料_summary\八斗课程-精品班\第六周\bert-base-chinese,987,0.8484848484848485,2.0,4622.0
129,output,文本分类练习Train.csv,文本分类练习Test.csv,chars.txt,bert,30,128,3,2,15,64,max,adam,0.001,E:\学习资料_summary\八斗课程-精品班\第六周\bert-base-chinese,987,0.8383838383838383,2.0,4622.0
130,output,文本分类练习Train.csv,文本分类练习Test.csv,chars.txt,bert,30,128,3,2,15,128,avg,adam,0.001,E:\学习资料_summary\八斗课程-精品班\第六周\bert-base-chinese,987,0.8383838383838383,2.0,4622.0
131,output,文本分类练习Train.csv,文本分类练习Test.csv,chars.txt,bert,30,128,3,2,15,128,max,adam,0.001,E:\学习资料_summary\八斗课程-精品班\第六周\bert-base-chinese,987,0.8686868686868687,2.0,4622.0
132,output,文本分类练习Train.csv,文本分类练习Test.csv,chars.txt,bert,30,256,3,2,15,64,avg,adam,0.001,E:\学习资料_summary\八斗课程-精品班\第六周\bert-base-chinese,987,0.8686868686868687,2.0,4622.0
133,output,文本分类练习Train.csv,文本分类练习Test.csv,chars.txt,bert,30,256,3,2,15,64,max,adam,0.001,E:\学习资料_summary\八斗课程-精品班\第六周\bert-base-chinese,987,0.8585858585858586,2.0,4622.0
134,output,文本分类练习Train.csv,文本分类练习Test.csv,chars.txt,bert,30,256,3,2,15,128,avg,adam,0.001,E:\学习资料_summary\八斗课程-精品班\第六周\bert-base-chinese,987,0.8383838383838383,2.0,4622.0
135,output,文本分类练习Train.csv,文本分类练习Test.csv,chars.txt,bert,30,256,3,2,15,128,max,adam,0.001,E:\学习资料_summary\八斗课程-精品班\第六周\bert-base-chinese,987,0.8383838383838383,2.0,4622.0
136,output,文本分类练习Train.csv,文本分类练习Test.csv,chars.txt,bert,30,128,3,2,15,64,avg,adam,0.0001,E:\学习资料_summary\八斗课程-精品班\第六周\bert-base-chinese,987,0.8787878787878788,2.0,4622.0
137,output,文本分类练习Train.csv,文本分类练习Test.csv,chars.txt,bert,30,128,3,2,15,64,max,adam,0.0001,E:\学习资料_summary\八斗课程-精品班\第六周\bert-base-chinese,987,0.8888888888888888,2.0,4622.0
138,output,文本分类练习Train.csv,文本分类练习Test.csv,chars.txt,bert,30,128,3,2,15,128,avg,adam,0.0001,E:\学习资料_summary\八斗课程-精品班\第六周\bert-base-chinese,987,0.8787878787878788,2.0,4622.0
139,output,文本分类练习Train.csv,文本分类练习Test.csv,chars.txt,bert,30,128,3,2,15,128,max,adam,0.0001,E:\学习资料_summary\八斗课程-精品班\第六周\bert-base-chinese,987,0.8888888888888888,2.0,4622.0
140,output,文本分类练习Train.csv,文本分类练习Test.csv,chars.txt,bert,30,256,3,2,15,64,avg,adam,0.0001,E:\学习资料_summary\八斗课程-精品班\第六周\bert-base-chinese,987,0.8787878787878788,2.0,4622.0
141,output,文本分类练习Train.csv,文本分类练习Test.csv,chars.txt,bert,30,256,3,2,15,64,max,adam,0.0001,E:\学习资料_summary\八斗课程-精品班\第六周\bert-base-chinese,987,0.8888888888888888,2.0,4622.0
142,output,文本分类练习Train.csv,文本分类练习Test.csv,chars.txt,bert,30,256,3,2,15,128,avg,adam,0.0001,E:\学习资料_summary\八斗课程-精品班\第六周\bert-base-chinese,987,0.8686868686868687,2.0,4622.0
143,output,文本分类练习Train.csv,文本分类练习Test.csv,chars.txt,bert,30,256,3,2,15,128,max,adam,0.0001,E:\学习资料_summary\八斗课程-精品班\第六周\bert-base-chinese,987,0.898989898989899,2.0,4622.0
144,output,文本分类练习Train.csv,文本分类练习Test.csv,chars.txt,bert_lstm,30,128,3,2,15,64,avg,adam,0.001,E:\学习资料_summary\八斗课程-精品班\第六周\bert-base-chinese,987,0.8787878787878788,2.0,4622.0
145,output,文本分类练习Train.csv,文本分类练习Test.csv,chars.txt,bert_lstm,30,128,3,2,15,64,max,adam,0.001,E:\学习资料_summary\八斗课程-精品班\第六周\bert-base-chinese,987,0.8383838383838383,2.0,4622.0
146,output,文本分类练习Train.csv,文本分类练习Test.csv,chars.txt,bert_lstm,30,128,3,2,15,128,avg,adam,0.001,E:\学习资料_summary\八斗课程-精品班\第六周\bert-base-chinese,987,0.8585858585858586,2.0,4622.0
147,output,文本分类练习Train.csv,文本分类练习Test.csv,chars.txt,bert_lstm,30,128,3,2,15,128,max,adam,0.001,E:\学习资料_summary\八斗课程-精品班\第六周\bert-base-chinese,987,0.8585858585858586,2.0,4622.0
148,output,文本分类练习Train.csv,文本分类练习Test.csv,chars.txt,bert_lstm,30,256,3,2,15,64,avg,adam,0.001,E:\学习资料_summary\八斗课程-精品班\第六周\bert-base-chinese,987,0.8080808080808081,2.0,4622.0
149,output,文本分类练习Train.csv,文本分类练习Test.csv,chars.txt,bert_lstm,30,256,3,2,15,64,max,adam,0.001,E:\学习资料_summary\八斗课程-精品班\第六周\bert-base-chinese,987,0.8484848484848485,2.0,4622.0
150,output,文本分类练习Train.csv,文本分类练习Test.csv,chars.txt,bert_lstm,30,256,3,2,15,128,avg,adam,0.001,E:\学习资料_summary\八斗课程-精品班\第六周\bert-base-chinese,987,0.8686868686868687,2.0,4622.0
151,output,文本分类练习Train.csv,文本分类练习Test.csv,chars.txt,bert_lstm,30,256,3,2,15,128,max,adam,0.001,E:\学习资料_summary\八斗课程-精品班\第六周\bert-base-chinese,987,0.8686868686868687,2.0,4622.0
152,output,文本分类练习Train.csv,文本分类练习Test.csv,chars.txt,bert_lstm,30,128,3,2,15,64,avg,adam,0.0001,E:\学习资料_summary\八斗课程-精品班\第六周\bert-base-chinese,987,0.8585858585858586,2.0,4622.0
153,output,文本分类练习Train.csv,文本分类练习Test.csv,chars.txt,bert_lstm,30,128,3,2,15,64,max,adam,0.0001,E:\学习资料_summary\八斗课程-精品班\第六周\bert-base-chinese,987,0.9090909090909091,2.0,4622.0
154,output,文本分类练习Train.csv,文本分类练习Test.csv,chars.txt,bert_lstm,30,128,3,2,15,128,avg,adam,0.0001,E:\学习资料_summary\八斗课程-精品班\第六周\bert-base-chinese,987,0.8787878787878788,2.0,4622.0
155,output,文本分类练习Train.csv,文本分类练习Test.csv,chars.txt,bert_lstm,30,128,3,2,15,128,max,adam,0.0001,E:\学习资料_summary\八斗课程-精品班\第六周\bert-base-chinese,987,0.8787878787878788,2.0,4622.0
156,output,文本分类练习Train.csv,文本分类练习Test.csv,chars.txt,bert_lstm,30,256,3,2,15,64,avg,adam,0.0001,E:\学习资料_summary\八斗课程-精品班\第六周\bert-base-chinese,987,0.898989898989899,2.0,4622.0
157,output,文本分类练习Train.csv,文本分类练习Test.csv,chars.txt,bert_lstm,30,256,3,2,15,64,max,adam,0.0001,E:\学习资料_summary\八斗课程-精品班\第六周\bert-base-chinese,987,0.9191919191919192,2.0,4622.0
158,output,文本分类练习Train.csv,文本分类练习Test.csv,chars.txt,bert_lstm,30,256,3,2,15,128,avg,adam,0.0001,E:\学习资料_summary\八斗课程-精品班\第六周\bert-base-chinese,987,0.8888888888888888,2.0,4622.0
159,output,文本分类练习Train.csv,文本分类练习Test.csv,chars.txt,bert_lstm,30,256,3,2,15,128,max,adam,0.0001,E:\学习资料_summary\八斗课程-精品班\第六周\bert-base-chinese,987,0.8787878787878788,2.0,4622.0
160,output,文本分类练习Train.csv,文本分类练习Test.csv,chars.txt,bert_cnn,30,128,3,2,15,64,avg,adam,0.001,E:\学习资料_summary\八斗课程-精品班\第六周\bert-base-chinese,987,0.8484848484848485,2.0,4622.0
161,output,文本分类练习Train.csv,文本分类练习Test.csv,chars.txt,bert_cnn,30,768,3,2,15,64,max,adam,0.001,E:\学习资料_summary\八斗课程-精品班\第六周\bert-base-chinese,987,0.8787878787878788,2.0,4622.0
162,output,文本分类练习Train.csv,文本分类练习Test.csv,chars.txt,bert_cnn,30,768,3,2,15,128,avg,adam,0.001,E:\学习资料_summary\八斗课程-精品班\第六周\bert-base-chinese,987,0.8787878787878788,2.0,4622.0
163,output,文本分类练习Train.csv,文本分类练习Test.csv,chars.txt,bert_cnn,30,768,3,2,15,128,max,adam,0.001,E:\学习资料_summary\八斗课程-精品班\第六周\bert-base-chinese,987,0.8282828282828283,2.0,4622.0
164,output,文本分类练习Train.csv,文本分类练习Test.csv,chars.txt,bert_cnn,30,256,3,2,15,64,avg,adam,0.001,E:\学习资料_summary\八斗课程-精品班\第六周\bert-base-chinese,987,0.8585858585858586,2.0,4622.0
165,output,文本分类练习Train.csv,文本分类练习Test.csv,chars.txt,bert_cnn,30,768,3,2,15,64,max,adam,0.001,E:\学习资料_summary\八斗课程-精品班\第六周\bert-base-chinese,987,0.8787878787878788,2.0,4622.0
166,output,文本分类练习Train.csv,文本分类练习Test.csv,chars.txt,bert_cnn,30,768,3,2,15,128,avg,adam,0.001,E:\学习资料_summary\八斗课程-精品班\第六周\bert-base-chinese,987,0.8686868686868687,2.0,4622.0
167,output,文本分类练习Train.csv,文本分类练习Test.csv,chars.txt,bert_cnn,30,768,3,2,15,128,max,adam,0.001,E:\学习资料_summary\八斗课程-精品班\第六周\bert-base-chinese,987,0.8686868686868687,2.0,4622.0
168,output,文本分类练习Train.csv,文本分类练习Test.csv,chars.txt,bert_cnn,30,128,3,2,15,64,avg,adam,0.0001,E:\学习资料_summary\八斗课程-精品班\第六周\bert-base-chinese,987,0.8787878787878788,2.0,4622.0
169,output,文本分类练习Train.csv,文本分类练习Test.csv,chars.txt,bert_cnn,30,768,3,2,15,64,max,adam,0.0001,E:\学习资料_summary\八斗课程-精品班\第六周\bert-base-chinese,987,0.8888888888888888,2.0,4622.0
170,output,文本分类练习Train.csv,文本分类练习Test.csv,chars.txt,bert_cnn,30,768,3,2,15,128,avg,adam,0.0001,E:\学习资料_summary\八斗课程-精品班\第六周\bert-base-chinese,987,0.8686868686868687,2.0,4622.0
171,output,文本分类练习Train.csv,文本分类练习Test.csv,chars.txt,bert_cnn,30,768,3,2,15,128,max,adam,0.0001,E:\学习资料_summary\八斗课程-精品班\第六周\bert-base-chinese,987,0.8888888888888888,2.0,4622.0
172,output,文本分类练习Train.csv,文本分类练习Test.csv,chars.txt,bert_cnn,30,256,3,2,15,64,avg,adam,0.0001,E:\学习资料_summary\八斗课程-精品班\第六周\bert-base-chinese,987,0.898989898989899,2.0,4622.0
173,output,文本分类练习Train.csv,文本分类练习Test.csv,chars.txt,bert_cnn,30,768,3,2,15,64,max,adam,0.0001,E:\学习资料_summary\八斗课程-精品班\第六周\bert-base-chinese,987,0.8787878787878788,2.0,4622.0
174,output,文本分类练习Train.csv,文本分类练习Test.csv,chars.txt,bert_cnn,30,768,3,2,15,128,avg,adam,0.0001,E:\学习资料_summary\八斗课程-精品班\第六周\bert-base-chinese,987,0.8888888888888888,2.0,4622.0
175,output,文本分类练习Train.csv,文本分类练习Test.csv,chars.txt,bert_cnn,30,768,3,2,15,128,max,adam,0.0001,E:\学习资料_summary\八斗课程-精品班\第六周\bert-base-chinese,987,0.8686868686868687,2.0,4622.0
176,output,文本分类练习Train.csv,文本分类练习Test.csv,chars.txt,bert_mid_layer,30,128,3,2,15,64,avg,adam,0.001,E:\学习资料_summary\八斗课程-精品班\第六周\bert-base-chinese,987,0.8282828282828283,2.0,4622.0
177,output,文本分类练习Train.csv,文本分类练习Test.csv,chars.txt,bert_mid_layer,30,128,3,2,15,64,max,adam,0.001,E:\学习资料_summary\八斗课程-精品班\第六周\bert-base-chinese,987,0.8787878787878788,2.0,4622.0
178,output,文本分类练习Train.csv,文本分类练习Test.csv,chars.txt,bert_mid_layer,30,128,3,2,15,128,avg,adam,0.001,E:\学习资料_summary\八斗课程-精品班\第六周\bert-base-chinese,987,0.8686868686868687,2.0,4622.0
179,output,文本分类练习Train.csv,文本分类练习Test.csv,chars.txt,bert_mid_layer,30,128,3,2,15,128,max,adam,0.001,E:\学习资料_summary\八斗课程-精品班\第六周\bert-base-chinese,987,0.8282828282828283,2.0,4622.0
180,output,文本分类练习Train.csv,文本分类练习Test.csv,chars.txt,bert_mid_layer,30,256,3,2,15,64,avg,adam,0.001,E:\学习资料_summary\八斗课程-精品班\第六周\bert-base-chinese,987,0.7878787878787878,2.0,4622.0
181,output,文本分类练习Train.csv,文本分类练习Test.csv,chars.txt,bert_mid_layer,30,256,3,2,15,64,max,adam,0.001,E:\学习资料_summary\八斗课程-精品班\第六周\bert-base-chinese,987,0.898989898989899,2.0,4622.0
182,output,文本分类练习Train.csv,文本分类练习Test.csv,chars.txt,bert_mid_layer,30,256,3,2,15,128,avg,adam,0.001,E:\学习资料_summary\八斗课程-精品班\第六周\bert-base-chinese,987,0.8484848484848485,2.0,4622.0
183,output,文本分类练习Train.csv,文本分类练习Test.csv,chars.txt,bert_mid_layer,30,256,3,2,15,128,max,adam,0.001,E:\学习资料_summary\八斗课程-精品班\第六周\bert-base-chinese,987,0.8686868686868687,2.0,4622.0
184,output,文本分类练习Train.csv,文本分类练习Test.csv,chars.txt,bert_mid_layer,30,128,3,2,15,64,avg,adam,0.0001,E:\学习资料_summary\八斗课程-精品班\第六周\bert-base-chinese,987,0.8484848484848485,2.0,4622.0
185,output,文本分类练习Train.csv,文本分类练习Test.csv,chars.txt,bert_mid_layer,30,128,3,2,15,64,max,adam,0.0001,E:\学习资料_summary\八斗课程-精品班\第六周\bert-base-chinese,987,0.9090909090909091,2.0,4622.0
186,output,文本分类练习Train.csv,文本分类练习Test.csv,chars.txt,bert_mid_layer,30,128,3,2,15,128,avg,adam,0.0001,E:\学习资料_summary\八斗课程-精品班\第六周\bert-base-chinese,987,0.9090909090909091,2.0,4622.0
187,output,文本分类练习Train.csv,文本分类练习Test.csv,chars.txt,bert_mid_layer,30,128,3,2,15,128,max,adam,0.0001,E:\学习资料_summary\八斗课程-精品班\第六周\bert-base-chinese,987,0.8787878787878788,2.0,4622.0
188,output,文本分类练习Train.csv,文本分类练习Test.csv,chars.txt,bert_mid_layer,30,256,3,2,15,64,avg,adam,0.0001,E:\学习资料_summary\八斗课程-精品班\第六周\bert-base-chinese,987,0.8484848484848485,2.0,4622.0
189,output,文本分类练习Train.csv,文本分类练习Test.csv,chars.txt,bert_mid_layer,30,256,3,2,15,64,max,adam,0.0001,E:\学习资料_summary\八斗课程-精品班\第六周\bert-base-chinese,987,0.8888888888888888,2.0,4622.0
190,output,文本分类练习Train.csv,文本分类练习Test.csv,chars.txt,bert_mid_layer,30,256,3,2,15,128,avg,adam,0.0001,E:\学习资料_summary\八斗课程-精品班\第六周\bert-base-chinese,987,0.8484848484848485,2.0,4622.0
191,output,文本分类练习Train.csv,文本分类练习Test.csv,chars.txt,bert_mid_layer,30,256,3,2,15,128,max,adam,0.0001,E:\学习资料_summary\八斗课程-精品班\第六周\bert-base-chinese,987,0.8686868686868687,2.0,4622.0
